factor,f_stat,p_value
dominant_race,717.623472189655,0.0
income_bucket,781.7026731861051,0.0
amenity_bucket,34.250242775022926,4.895703333654215e-09
city,58.622067975335824,3.921751089506229e-220
