dominant_race,mean_score,demographic_parity_gap
Asian,4.294642857142857,-0.5285274743307236
Black,5.604410331384016,0.7812399999104356
Hispanic,4.835603299443698,0.012432967970117836
White,4.459496388834667,-0.36367394263891306
