term,sum_sq,df,F,PR(>F)
C(dominant_race),1050.997752379678,3.0,104.62004232225837,2.2103332069997998e-67
C(income_bucket),4133.531867721573,4.0,308.599812389425,1.0425723942906404e-260
C(dominant_race):C(income_bucket),211.86276378389746,12.0,5.272392653408533,5.821836807139919e-09
Residual,101965.42602988557,30450.0,,
