origin,raw_bias_gap
Chinese,1.0742610519333446
EU,0.16012662600422445
US,1.6822598886791535
