feature,coefficient
vacancy_rate,4.417869960649711
pct_black,0.010162146505679615
pct_hispanic,0.006227984403334365
pct_white,-0.003419615884355385
pct_asian,-0.0026896302716504154
